[
  {
    "StudentID": 1,
    "StudentName": "Hoang Mai",
    "Gender": true,
    "ClassId": 1,
    "BirthDay": "1980-08-17"
  },
  {
    "StudentID": 2,
    "StudentName": "Hoang Ha",
    "Gender": false,
    "ClassId": 2,
    "BirthDay": "1980-08-17"
  },
  {
    "StudentID": 3,
    "StudentName": "Hoang Hanh",
    "Gender": false,
    "ClassId": 2,
    "BirthDay": "1990-08-10"
  },

  {
    "StudentID": 4,
    "StudentName": "Tran Minh Tuan",
    "Gender": false,
    "ClassId": 1,
    "BirthDay": "1991-05-11"
  }

]