[
  {
    "StudentID": 1,
    "StudentName": "Hoang Yen 2222221111",
    "ClassId": 2,
    "Gender": false,
    "BirthDay": "1982-08-17T00:00:00+07:00"
  },
  {
    "StudentID": 2,
    "StudentName": "Tran Hoang Ngan1111",
    "ClassId": 1,
    "Gender": true,
    "BirthDay": "1981-08-26T00:00:00+07:00"
  },
  {
    "StudentID": 3,
    "StudentName": "Hoang Van Chien 1",
    "ClassId": 1,
    "Gender": true,
    "BirthDay": "1986-08-26T00:00:00+07:00"
  },
  {
    "StudentID": 4,
    "StudentName": "Le thu hoa",
    "ClassId": 2,
    "Gender": false,
    "BirthDay": "1988-08-26T00:00:00+07:00"
  },
  {
    "StudentID": 5,
    "StudentName": "Mai Van Hanh",
    "ClassId": 1,
    "Gender": false,
    "BirthDay": "1982-08-26T00:00:00+07:00"
  }
]